date,message
2025-07-12 17:40:24,๐๐คููุงุช ุงูุงุญุชูุงู ุชูุชุญู ุจูุฏุฉ ุจูุช ููุฑูู ูููุงุฌูุงุช ุนูููุฉ ุชุฏูุฑ ูู ุงูุจูุฏุฉ โขโขโโโโโโโโโโโโขโข ๐ฉต
2025-07-12 17:40:24,๐**๐ค****ููุงูููู ูุณุชูุฏููู ููุงุช ุงูุงุญุชูุงู ุจุนุจูุฉ ูุงุณูุฉ ูุญููุฉ ุงูุตูุน ูู ุฌุจู ุฃุจู ุธููุฑ ุจูุฏููุฉ ุฌููู ุดูุงู ุงูุถูุฉ ุงูุบุฑุจูุฉ ุงููุญุชูุฉ** โขโขโโโโโโโโโโโโขโข ๐ฉต
2025-07-12 17:30:34,"โญ๏ธ** ุชููู ููุงุฉ ุชุจูู.**.** ุฃู ุฑุฆูุณ ุญุฑูุฉ ุญูุงุณ ูู ุงูุฎุงุฑุฌ ุงูุฃุฎ ุงููุฌุงูุฏ ุฎุงูุฏ ูุดุนู ูู ููุฏููู ุจุฃูุฉ ุชุตุฑูุญุงุช ุนู ุงูููุงูุถุงุชุ ููููู "" ุจุฃููุง ูุณูุง ูุณุชุนุฌููู ุนูู ูุชุงุฆุฌ ูุฐู ุงูููุงูุถุงุช""ุ ูู ุนุจุงุฑุฉ ุนู ูุฐุจ ูุฅุดุงุนุงุช.** ููุคูุฏ ุฃู ุงูุจูุงูุงุช ูุงูุชุตุฑูุญุงุช ุงูุฑุณููุฉ ุชููุดุฑ ุนุจุฑ ุงููููุน ุงูุฑุณูู ูุญุฑูุฉ ุญูุงุณ ูุงูููุงุฉ ุงูุฑุณููุฉ ุนูู ุงูุชูุบุฑุงู. ููุง ูุฏุนู ูุณุงุฆู ุงูุฅุนูุงู ุฅูู ุชุญุฑู ุงูุฏูุฉ ูู ุงููููุน ุงูุฑุณูู ูุญุฑูุฉ ุญูุงุณ ูู ุฎูุงู ุนููุงู ุฑุงุจุท ุงูุตูุญุฉ ุงูุฑุณููุฉ ููุญุฑูุฉ. โ"
2025-07-12 17:23:07,**ุฌููุฏ ุงูุงุญุชูุงู ูููููู ูุฑูุจุงุช ุงูููุงุทููู ููููููู ุจูู ุฌููุจ ุงูุฎููู**
2025-07-12 17:20:05,๐๐ค**ุฌููุฏ ุงูุงุญุชูุงู ูููููู ูุฑูุจุงุช ุงูููุงุทููู ููููููู ุจูู ุฌููุจ ุงูุฎููู** โขโขโโโโโโโโโโโโขโข ๐ฉต
2025-07-12 17:17:58,"ุตูุญุฉ ุฃูุฑ ููุงูููู ุงูุนุจุฑูุฉ: ""ุณุจุงูู ูุงูุฑููุงู"" ุทุงุฆุฑุฉ ูุณูุฑุฉ ุฅูุชุญุงุฑูุฉ ูู ุตูุงุนุฉ ุดุฑูุฉ ุฑุงูุงุฆูู ุชูุชู ุบุฒูุง ุดูุงู ูุฏููุฉ ุบุฒุฉ. ููุนุช ุนูููุฉ ุงููุชู ูู ุฃูุงุฎุฑ ุนุงู ูขููขูคุ ูุชุณุชุฎุฏู ุฑุงูุงุฆูู ุงูููุฏูู ููุชุฑููุฌ ููุจูุนุงุชูุง ุนูู ุตูุญุชูุง"
2025-07-12 17:10:20,๐๐ค**ูุณุชูุทููู ูุถุฑููู ุงููุงุฑ ูู ุฃุฑุงุถู ุงูููุงุทููู ุจุจูุฏุฉ ุญุฒูุง ุดูุงู ุดุฑู ุงููุฏุณ ุงููุญุชูุฉ.** โขโขโโโโโโโโโโโโขโข ๐ฉต
2025-07-12 17:10:05,**ุงููุฒูุฑ ุงูุฅุณุฑุงุฆููู ุฏูุฏู ุฃูุณุงูู:** ** ุฅุนุงุฏุฉ ุงููุฎุชุทููู ุฃูุฏุณ ูููุฉ**
2025-07-12 17:09:12,"**ุงูููุงุฉ 12 : ** **ุขูุงู ุงููุณุชูุทููู ูุญุชุดุฏูู ูุณุท ""ุชู ุฃุจูุจ"" ูููุทุงูุจุฉ ุจููู ุงูุญุฑุจ ูุฅูุฌุงุฒ ุตููุฉ ุชุจุงุฏู**"
2025-07-12 17:07:55,ูุตุงุฏุฑ ูู ุงูุฌูุด: ุงููุฏููุฉ ุงูุฅูุณุงููุฉ ูู ุตูุบุฉ ููุทูุฉ ูุญูู ุนุณูุฑู ูู ุบุฒุฉ ุงูููุงุฉ ูกูข
2025-07-12 17:07:23,**ุงูููุงุฉ 12 ุงูุนุจุฑูุฉ ุนู ูุตุงุฏุฑ: ** ุงูุฌูุด ููุณ ุฑุงุถูุง ุนู ุฎุทุฉ ูุงุชุณ ูุชุฌููุน ุงูููุณุทููููู ูู ุฑูุญ
2025-07-12 17:04:03,ุงูุงุญุชูุงู ููุงุตู ูุฏู ุงููุจุงูู ุงูุณูููุฉ ูุญุฑู ููููุงุฒู ูู ูุฎููู ุทูููุฑู ูููุฑ ุดูุณ ุจุงูุนุฏูุงู ุงููุชูุงุตู
2025-07-12 17:02:03,**ุงูููุงุฉ 12 ุนู ูุตุงุฏุฑ: ** **ุฅุณุฑุงุฆูู ุณุชุนุฑุถ ุบุฏุง ูู ููุงูุถุงุช ุงูุฏูุญุฉ ุฎุฑุงุฆุท ุฌุฏูุฏุฉ ูุฎุทูุท ุงูุงูุณุญุงุจ**
2025-07-12 17:01:42,**ุจุนุฏ ุณุฑูุฉ ุงููุณุชูุทููู ุฃุบูุงููู ุจุงูููุฉ ุฃูุงูู ุจุฑูุง ูุณุชุนูุฏูุง ุฃุบูุงููู ูู ุงููุณุชูุทููู**.
2025-07-12 17:00:25,40 ุบุงุฑุฉ ุฅุณุฑุงุฆูููุฉ ุนูู ูุฏููุฉ ุจูุช ุญุงููู ุดูุงูู ูุทุงุน ุบุฒุฉ.
2025-07-12 17:00:17,๐ฅ ุฎุงู ูููุณ ุชูุฑุบ ูู ุณูุงููุง.. ูุงูููุงุตู ุงูููุงุฐ ุงูุฃุฎูุฑ.. โขโโโโโโโโโโโโข โ๏ธ
2025-07-12 16:57:12,**ููุงุก ุงูุงุญุชูุงุท ุฅุณุญุงู ุจุฑูู:** ูุชููุงูู ููุงุชุณ ูุจู ุบููุฑ ูุณููุชุฑูุชุด ูุฑุฆูุณ ุงูุฃุฑูุงู ุชุฌุงูุฒูุง ูู ุงูุญุฏูุฏ ูุจุงุชูุง ุฎุทุฑุง ุนูู ูุฌูุฏูุง ูุชููุงูู ูุตุฑ ุนูู ุงูุชูุณู ุจูุญูุฑ ููุฑุงุบ ููู ูุง ุณููุณู ุตููุฉ ุงูุชุจุงุฏู ุฑุฆูุณ ุงูุฃุฑูุงู ูุฏุฑู ุญุฌู ุงููุคุงูุฑุฉ ููุฑูุฏ ุฅููุงุก ุงูุญุฑุจ ููู ุงูููุงุฏุฉ ุงูุณูุงุณูุฉ ุชุฑูุถ ุฑุฆูุณ ุงูุฃุฑูุงู ููุฐุจ ุนูู ุงูุดุนุจ ููุฏุฑู ุฃูู ูุง ูููู ูุฒููุฉ ุญูุงุณ ููุง ุฅุนุงุฏุฉ ุงููุฎุทูููู ุจุงูุถุบุท ุงูุนุณูุฑู ููุงุชูุง ูุง ุชูุนู ุดูุฆุง ูู ุบุฒุฉ ุณูู ุฏุฎูู ุจููุช ูุฏูุฑุฉ ูุชุชุนุฑุถ ููุนุจูุงุช ุงููุงุณูุฉ ูุงููุฐุงุฆู ุงูุตุงุฑูุฎูุฉ ูุง ูููู ูุฒููุฉ ุญูุงุณ ูุฃููุง ุงุณุชุนุงุฏุช ููุชูุง ุงูุฃุตููุฉ
2025-07-12 16:55:08,[**ูููุง ุนู ูุณุงุฆู ุงุนูุงู ูุญููุฉ ุณุฑุงูุง ุงููุฏุณ:**]( ุจุนุฏ ุนูุฏุชูู ูู ุฎุทูุท ุงููุชุงู.. ุฃุจูุบ ูุฌุงูุฏููุง ุชููููู ูู ุชุฏููุฑ ุฏุจุงุจุฉ ุตูููููุฉ ุจุนุจูุฉ ุดุฏูุฏุฉ ุงูุฅููุฌุงุฑ - ุฌุฑู ููุฏุณุชูุง ุนูุณูุงู - ุฃุซูุงุก ุชูุบููุง ุดุฑู ุญู ุงูุฒูุชูู ุจูุฏููุฉ ุบุฒุฉ ุจุชุงุฑูุฎ 04-07-2025ู.** #ุทููุงู_ุงูุฃูุตู
2025-07-12 16:29:50,ุบุงุฑุงุช ุนูููุฉ ุนูู ุจูุช ุญุงููู ุงูุงู
2025-07-12 16:18:00,**๐****๐ค****ุจุนุฏ ุณุฑูุฉ ุฃุบูุงููู ุจุงูููุฉ! ุฃูุงูู ุจุฑูุง ูุณุชุนูุฏูุง ุฃุบูุงููู ูู ุงููุณุชูุทููู**. โขโขโโโโโโโโโโโโขโข ๐ฉต
2025-07-12 16:14:41,
2025-07-12 16:12:09,"**ุนุงุฆูุงุช ุงูุฃุณุฑู ""ุงูุฅุณุฑุงุฆููููู"" ูู ุจูุงู: ุชูููุช ุงูุฒุฎู ุงูุญุงูู ุณูููู ูุดููุง ุฌุณูููุงุ ููุฐู ูุญุธุฉ ุงุฎุชุจุงุฑ ุชุงุฑูุฎูุฉ ููุชููุงูู:** ** ูู ุณูุฎุชุงุฑ ุงูุฌูููุฑ ุงูุฅุณุฑุงุฆูููุ ุฃู ููุญุงุฒ ุฅูู ูุญูุฑ ุณููุชุฑูุชุดโุจู ุบููุฑุ ุฌููุน ุงูุงุณุชุทูุงุนุงุช ูุงููุนุทูุงุช ุชูุธูุฑ ุฃู ุบุงูุจูุฉ ุณุงุญูุฉ ูู ุงูุฌูููุฑ ุงูุฅุณุฑุงุฆููู ุชุฑูุฏ ุฅููุงุก ุงููุชุงู ูู ุบุฒุฉ ูุงุณุชุนุงุฏุฉ ุฌููุน ุงูุฃุณุฑูุ ูุชูุฌูุน ุนูู ุฃู ูุฐุง ูู ุงูุฎูุงุฑ ุงูุฐู ูุฎุฏู ุงููุตูุญุฉ ุงูุฅุณุฑุงุฆูููุฉุ ุจูุง ูู ุฐูู ุฃุบูุจูุฉ ูุทููุฉ ูู ูุงุฎุจู ุงูุงุฆุชูุงู ุงูุญุงูู.**"
2025-07-12 16:04:37,**ุงูุฏูุงุฑ ุงูุฐู ุฃุญุฏุซู ุฌูุด ุงูุงุญุชูุงู ุจุฃุญุฏ ูุณุงุฌุฏ ูุฎูู ููุฑ ุดูุณ ุดุฑู ุทูููุฑู**
2025-07-12 16:01:46,ูุฌูู ูููุณุชูุทููู ุนูู ูุฑูุฉ ุจูุฑูู ููุฐุง ูู ุงููุฌูู ุงูุฎุงูุณ ุนุดุฑ ุงูููู
2025-07-12 15:58:43,ุฃูุงุฏุช ุชูุงุฑูุฑ ุณุนูุฏูุฉ ุจุฃู ุงููุณุทุงุก ูุชููุนูู ุฃู ุชูุฏู ุฅุณุฑุงุฆูู ุฎุฑูุทุฉ ูุนุฏูุฉ ููุงูุณุญุงุจ ุงููููุฉ
2025-07-12 15:57:27,ุงูุฎุจูุฑ ุงูุงูุชุตุงุฏู ุทุงุฑู ุงูุญุงุฌ: ุงูุญูููุฉ ูุฏ ุชูุฌุฃ ูุชูุณูุน ุงูุฌุจุงูุฉ ุจุฏูุงู ูู ุงูุชุธุงุฑ ุงูููุงุตุฉ ๐ุทุงุฑู ุงูุญุงุฌ: ุชุญููู ูู ูุดุงูููุง ุนูู ุงูููุงุตุฉ ููู ุชุจุณูุท ูุชุฌููู ููููุงุทู ๐ุทุงุฑู ุงูุญุงุฌ: ูุง ุชููุนุงุช ุจุฃู ูุดูุฏ ุงูููุงุทู ุงูููุณุทููู ุฃู ุชุญุณู ุงูุชุตุงุฏู ููููุณ ุญุชู ููุงูุฉ ุงูุนุงู ุงูุฌุงุฑู ุนูู ุงูุฃูู ๐ุทุงุฑู ุงูุญุงุฌ: ุจุงูุฅููุงู ุตุฑู ูุณุจ ุฌูุฏุฉ ูู ุงูุฑูุงุชุจุ ูุฏ ุชุตู ุฅูู 70%ุ ูู ุฎูุงู ุชุฑุดูุฏ ุงูุฅููุงู ูุฅุนุงุฏุฉ ุงููุธุฑ ูู ุงุณุชุบูุงู ุงูููุงุฑุฏ ุงูุณูุงุฏูุฉ
2025-07-12 15:52:21,**ุงูุฏูุงุฑ ุงูุฐู ุฃุญุฏุซู ุฌูุด ุงูุงุญุชูุงู ุจุฃุญุฏ ูุณุงุฌุฏ ูุฎูู ููุฑ ุดูุณ ุดุฑู ุทูููุฑู **
2025-07-12 15:42:26,ุฅุฏุงุฑุฉ ุชุฑุงูุจ ุณุชุญุธุฑ ุนูู ุฌูุงุช ุตูููุฉ ูุฃุฎุฑู ุดุฑุงุก ุฃุฑุงุถู ุฒุฑุงุนูุฉ ูู ุงูููุงูุงุช ุงููุชุญุฏุฉ ุชุนูู ุฅุฏุงุฑุฉ ุชุฑุงูุจ ุนูู ูุฑุถ ุญุธุฑ ูููุน ุฏูููุง ุฃุฌูุจูุฉ ูุนุงุฏูุฉุ ูุนูู ุฑุฃุณูุง ุงูุตููุ ูู ุดุฑุงุก ุฃุฑุงุถู ุฒุฑุงุนูุฉ ูู ุฃูุญุงุก ุงูููุงูุงุช ุงููุชุญุฏุฉ. ุจุงูุฅุถุงูุฉ ุฅูู ุชูููุฏ ุดุฑุงุก ุงูุฃุฑุงุถู ุงูุฒุฑุงุนูุฉุ ุชุณุนู ุงูุฅุฏุงุฑุฉ ุฃูุถูุง ุฅูู ุงุณุชุฑุฌุงุน ุงูุฃุฑุงุถู ุงูุชู ุงุดุชุฑุชูุง ุจุงููุนู ุดุฑูุงุช ุตูููุฉ. ูุฃูุฏ ูุณุคูููู ุฑุณูููู ุฃู ุดุฑูุงุช ูููููุฉ ููุตูู ุชุณูุทุฑ ุญุงูููุง ุนูู ุฃุฑุงุถู ูู ููุงุทู ูุฑูุจุฉ ูู ููุงูุน ุนุณูุฑูุฉ ุฃูุฑูููุฉ ุญุณุงุณุฉ. ูููููุง ููุฅุฏุงุฑุฉุ ูุฅู ุงููุถูุฉ ุชุชุนูู ุจุงูุฃูู ุงูููููุ ูููุงู ุฎุทุฑ ูู ุฃู ุชููุฏ ุงูููุงูุงุช ุงููุชุญุฏุฉ ุณูุทุฑุชูุง ุนูู ุฅูุฏุงุฏุงุชูุง ุงูุบุฐุงุฆูุฉ. ูุฑุงุณู ููุงุฉ NTD ูู ูุงุดูุทูุ ุฌุงู ุจุฑุงุฏููุ ููุฏูู ุงูุชูุงุตูู.
2025-07-12 15:41:02,"**ุงููุญูู ุงูุณูุงุณู ูุตุญููุฉ ""ูุขุฑุชุณ""ุ ุญุงููู ูููููุณููุ ูู ุญุณุงุจู ุนูู ุชููุชุฑ:** ** ูุฏุงุก ุฃุฎูุฑ ูุนุงุฆูุงุช ุงูุฃุณุฑูุ ูุชููุงูู ูุฑุฑ ุฃู ูุฎุชุงุฑ ""ุณููุชุฑูุชุด"" ุนูู ุญุณุงุจ ุงูุฃุณุฑูุ ููุชูุณู ุจูโูุญูุฑ ููุฑุงุบโ ูุชูุฌูุฑ ุงูููุงูุถุงุช ูุงูุฅุจูุงุก ุนูู ุจุชุณูุฆููุ ุงูุฐู ูุณุชุดูุฑ ุงูุญุงุฎุงูุงุชุ ุฏุงุฎู ุงูุญูููุฉ.** **ุฅุฐุง ุฃุฑุฏุชู ุฃุญุจูุชูู ูู ุงูุจูุงุฏุ ุงุชุตููุง ุจุดูู ุนุงุฌู ุจูููุชูููุ (ููุฑูุงู) ุฃุฏููุณููุ ููู ูู ูููู ูู ุงูุจูุช ุงูุฃุจูุถุ ุนูู ุฃูู ุฃู ููุฑุถูุง ุนูู ูุชููุงูู ุงูุชููู ุนู ุชุฎุฑูุจ ุงูููุงูุถุงุช.**"
2025-07-12 15:37:33,ูุณุชูุทููู ููุงุฌููู ููุณุทููููู ูู ูุฑูุฉ ุจุฑูุง ุดุฑู ุฑุงู ุงููู ููุณุฑููู ุฃุบูุงููู.
2025-07-12 15:37:17,**ุจุญูุงูุฉ ุฌููุฏ ุงูุงุญุชูุงู.. ****๐ค****ูุณุชูุทููู ููุชุญููู ุงูุจูุฏุฉ ุงููุฏููุฉ ูู ุงูุฎููู ููููููู ุจุฌููุงุช ุงุณุชูุฒุงุฒูุฉ ูููุง.** โขโขโโโโโโโโโโโโขโข ๐ฉต
2025-07-12 15:32:18,**ูููุง ุนู ูุณุงุฆู ุงุนูุงู ูุญููุฉ ุชููู ูุฌุงูุฏู ุงููุณุงู ูู ููุต ุฌูุฏู ุตููููู ูุฅุตุงุจุชู ุฅุตุงุจุฉ ูุงุชูุฉ ูู ููุทูุฉ ุนุจุณุงู ุงููุจูุฑุฉ ุดุฑู ูุฏููุฉ ุฎุงููููุณ ุฌููุจ ุงููุทุงุน**
2025-07-12 15:25:19,๐๐ค**ุฌูุด ุงูุงุญุชูุงู ูุทุงุฑุฏ ุทูููุง ููุตุงุฏุฑ ุนูู ููุณุทูู ุนู ุฏุฑุงุฌุชู ุงูููุงุฆูุฉุ ูู ูุฑูุฉ ุฏูุฑ ูุฏูุณ ุบุฑุจ ุฑุงู ุงููู.** โขโขโโโโโโโโโโโโขโข ๐ฉต
2025-07-12 15:19:34,**๐****๐ค****ุงูููุงู ุงูุฃุญูุฑ: ุฅุตุงุจุฉ ุดุงุจ ุฌุฑุงุก ุงุนุชุฏุงุก ููุงุช ุงูุงุญุชูุงู ุนููู ุจุงูุถุฑุจ ุงููุจุฑุญ ูู ุจูุฏุฉ ูุญูุฉ ุฌููุจ ุฌููู** โขโขโโโโโโโโโโโโขโข ๐ฉต
2025-07-12 15:18:49,**๐****๐ค****ุงูููุงู ุงูุฃุญูุฑ: ุทูุงูููุง ูู ุทูุจุงุณ ุชุชุนุงูู ูุน 4 ุฅุตุงุจุงุช ุงุฎุชูุงู ุจุงูุบุงุฒ ุฅุซุฑ ุงูุชุญุงู ูุฏููุฉ ุทูุจุงุณ**. โขโขโโโโโโโโโโโโขโข ๐ฉต
2025-07-12 15:08:12,**ูููุดูุงุช ุงููุณุชูุทููู ุชูุงุฌู ูุฑูุฉ ุจูุฑูู ุฌููุจ ูุงุจูุณ ูุงูุฃูุงูู ูุชุตุฏูู ูููุฌูู**
2025-07-12 15:06:03,๐๐ค**ุงูููุงุฏู ูู ุญุฑูุฉ ุญูุงุณุ ุนุจุฏ ุงูุฑุญูู ุดุฏูุฏ: ****๐ด****ุชุณููู ุงูุงุญุชูุงู ูุฑุงุฑูุง ูุณูุงู ุจูุฏุชู ุณุนูุฑ ูุงูุดููุฎ ูู ุงูุฎููู ุจูุตุงุฏุฑุฉ ุขูุงู ุงูุฏูููุงุช ูุตุงูุญ ูุดุงุฑูุน ุงูุชูุณุน ุงูุงุณุชูุทุงูู ****โซ๏ธ****ุฅูู ุฌุงูุจ ูุตุงุฏุฑุงุช ูุงุณุนุฉ ูุฃุฑุงุถู ุฌููู ูุทูุจุงุณ ูููุงุทู ุฃุฎุฑูุ ููุนุฏ ุชุตุนูุฏูุง ุฎุทูุฑูุง ูู ุชูููุฐ ูุฎุทุท ุงูุถู ูุงูุชูุฌูุฑ ุนูู ูุงูู ุฃุฑุงุถู ุงูุถูุฉ ุงูุบุฑุจูุฉ. ****๐ด****ูุฐู ุงููุฑุงุฑุงุช ูุงููุตุงุฏุฑุงุช ูู ุชูุณุฑ ุนุฒููุฉ ุดุนุจูุงุ ููู ุชุบูุฑ ุงูุชุงุฑูุฎ ุฃู ุชุณูุจ ุงูุญู ูู ุฃููู ูู ูุฐู ุงูุฃุฑุถ. ****๐ด****ูุฏุนู ุฃูููุง ูู ุงูุถูุฉ ุงูุบุฑุจูุฉ ุฅูู ุฑุตู ุงูุตููู ูุชุตุนูุฏ ูู ุฃุดูุงู ุงูููุงููุฉ ูุงูููุงุฌูุฉ ููุฏูุงุน ุนู ุฃุฑุถููุ ูุฅูุดุงู ูุฎุทุทุงุช ุงูุงุญุชูุงู ูุตุฏ ูุฌูุงุช ูุณุชูุทููู**. โขโขโโโโโโโโโโโโขโข ๐ฉต
2025-07-12 15:00:02,ูุงูุชูุง ุงููุชุงุฆุจ ูู ููู ูู ุงูุฃูุงู ูููุฌูุง ูุชุงุจ ุงููู ูุงููุชู ูู ุณุจูู ุงููู ุฃุณูู ุฃูุงูููุง ูุนุฏูุง ูุชููู ูุงุฏู
2025-07-12 14:59:45,**= ุณูุญุงูุธ ุนูู ุณูุงุญูุง .. ุญูุงุธูุง ุนูู ุฃุฑูุงุญูุง ุณูุงุญูุง ูู ุงูุฑูุญ ุงูุชู ูุชููุณ ุจูุง ** ** ุงูุดูุฎ ุงูุดููุฏ ุฃุจู ูุญูุฏ ุงูุฌุนุจุฑู ุฑุญูู ุงููู **** ุณูุงุญ ุงูููุงููุฉ ุฎุทูุง ุงูุฃุญูุฑ ููุง ุชูุงุฒู ุนูู**
2025-07-12 14:58:46,๐๐ค**ูููุดูุงุช ุงููุณุชูุทููู ุชูุงุฌู ูุฑูุฉ ุจูุฑูู ุฌููุจ ูุงุจูุณ ูุงูุฃูุงูู ูุชุตุฏูู ูููุฌูู ** โขโขโโโโโโโโโโโโขโข ๐ฉต
2025-07-12 14:58:33,ูุง ุญุฏุง ูุทูุน ูุณุงูุฑ ูุงูู ูุด ุฑุญ ุชูุฏุฑ ุชุฑุฌุน.. ุงุณููุจ ุฌุฏูุฏ ูู ุงูุงุฑุฏู ูุชูุฌูุฑ ุดุนุจูุง ูููุนู ูู ุงูุนูุฏู ุงูู ููุณุทูู
2025-07-12 14:56:28,ุบุงุฑุฉ ุนูููุฉ ูุณุท ุฎุงููููุณ..
2025-07-12 14:56:27,**ุงุฐูุงู ูููุงู ููุณุงุฏ ุงูุงู ุนูู ุงูุฌุณุฑ ุงูุงุฑุฏูู ุ ูุณูู ุณูุฏุงุก ูุชุฐุงูุฑ ุงูุญุฌุฒ ู ูุตูููุง ุงูู 70 ุฏููุงุฑ ุจุฏูุงู ูู 7 ุฏูุงููุฑ . ุงูุงุฑุฏู ูุชูุฌูุฑ ุงูุดุนุจ ุงูููุณุทููู ูู ุงูุถูู.. ุฑุณุงูู ููุดุนุจ.. ูุญุฏุงุด ูุทูุน ูุณุงูุฑ... ูููุง ุจุชุตูุฏ ุน ุงุฑุถู... ููููุง ุจุชูุงุทุน ุงูููุฌูู ุงูุงุฑุฏููู ุงูุณุงููู ุงุชุฌุงู ุงุจูุงุก ุดุนุจูุง...**
2025-07-12 14:48:20,ูุณุชูุทููู ูุนุชุฏูู ุนูู ุนุงุฆูุฉ ููุณุทูููุฉ ุดุฑูู ุชุฑูุณุนูุง ูููุงุฌููู ูุฏุฑุณุฉ ุดูุงู ูุฏููุฉ ุฃุฑูุญุง
2025-07-12 14:45:09,**ุงุณุชูุฏุงููู ูู ูุฎูู ุงูุดุงุทุฆ ูู ุทูุฑุงู ุงูุงุณุชุทูุงุน ุฎูุงู 10 ุฏูุงุฆู ุงูุงุณุชูุฏุงู ุงูุฃูู ูู ููุทูุฉ ุงูุจูุงุฎูุฉ ุนูู ุงูุจุญุฑ - ูุทููุจ ุงุณุนุงูุงุช ูุฑุจ ุฏููุงู ุนุงุฆูุฉ ูููุฉ ุงูุงุณุชูุฏุงู ุงูุซุงูู ุนูุฏ ุงูุฌุงูุน ุงูุงุจูุถ ุจุงูุดุงุทูุก**
2025-07-12 14:44:49,**15 ุดููุฏุข ุชู ุงูุชุดุงููู ูู ุนุงุฆูุฉ ุณุนุฏ ุงููู ูุงุจููุฑุฏุฉ ุฌุฑุงุก ูุตู ููุงุฒููู ููู ุฑุคูุณูู ูู ุฌุจุงููุง ุงููุฒูุฉ ุดูุงู ุงููุทุงุน ูููุง ุชุจูู ุนุฏุฏ ูุจูุฑ ูู ุงูููููุฏูู ุฏุงุฎู ุงูููุงุฒู**
2025-07-12 14:43:38,ุฌููุฏ ูุญุฌุฒูู ููุงุทููู ูู ุญููู ููููุฏูููู ุนูู ุงูุฃุฑุถ
2025-07-12 14:40:57,"ุฅุฑูุงุจ ูููุฏู ุจูู ูุนูู ุงููููุฉ ุฎูุงู ููู ุงูุณุจุชุ ููุนุช ุนุดุฑุงุช ุญูุงุฏุซ ุงูุนูู ุงูุฎุทูุฑุฉ ุถุฏ ููุณุทููููู ุนูู ูุฏ ""ูุชูุฉ ุงูุชูุงู"" ููุณุชูุทููู ุฅุณุฑุงุฆููููู ูุฏููุง ุฅูู ููุงุทู ุฃุฑูุญุงุ ุงูุฎูููุ ูุงููุฑู ุงูุนุฏูุฏุฉ ูู ุงูุถูุฉ ุงูุบุฑุจูุฉ. ุดููุช ุงูุงุนุชุฏุงุกุงุช ุฅุญุฑุงู ุฃุฑุงุถู ุฒุฑุงุนูุฉุ ุฅุญุฑุงู ูุฑูุจุงุชุ ุฅูุฐุงุก ุฃุบูุงู ููุงุนุฒุ ูุฅุทูุงู ูุงุฑ ุญู ุจุงุชุฌุงู ููุณุทููููู. ูุณุงุก ุฃูุณุ ุฃูุทูู ุงููุงุฑ ุนูู ููุณุทููููู ุงุซููู ูููุชูุงุ ูุชู ุฑุดู ุงููุงุฑุฉ ูู ุงูููุณุทููููู ุจุงูุญุฌุงุฑุฉ ูุงูุงุนุชุฏุงุก ุนูููู ุจุงูุนุตู ุจุดูู ูุญุดูุ ุจูุง ูู ุฐูู ูุณุงุก ูุฃุทูุงู ุตุบุงุฑ. ูุคูุงุก ููุณูุง ูุณุชูุทููู ููุทุ ุจู ูุฌุฑููู ุฎุทุฑูู ุชุฏุนููู ุงูุญูููุฉ ูุชููุน ุงุนุชูุงููู ุงูุฅุฏุงุฑู. ูุฐุง ูุฏ ููุชูู ุจูุงุฑุซุฉ ูู ููุงูุฉ ุงููุทุงู!!"
2025-07-12 14:32:47,**ููููููููุฐู ุญูููููููููููููููุงุณู ... ๐ **#ุทููุงู_ุงูุฃูุตู #ุฑุฌุงู_ุงูุถูู
2025-07-12 14:30:59,ูุฌุจ ุนูู ุงูุงูู ุงููุฑู ุงููุญูุทู ูููุณุชูุทูุงุช ูุงูุดูุงุฑุน ุงูุฑุฆูุณูู ุนุฏู ุงูุฎูู ูุชุดููู ูุฑู ููุฌุงู ููุงููู ูุญูุงูู ููู ุงููุฑู ุงููุนููู.. ููุงููุชูู ูู ุซุจุงุช ูู ุงุฑุถูู...
2025-07-12 14:29:04,**ููุธูู ุฌููุฉ ูููุญููู ุฌููุงุช ูุนูู ุงูุจุงุบู ุชุฏูุฑ ุงูุฏูุงุฆุฑ ๐**
2025-07-12 14:28:58,ูุญุฏุงุด ูุฎุงู ูู ุงููุณุชูุทููู.. ูุฌุจ ุนูู ุฌููุน ุงูุงูููุง ุจุงูุถูู ุงูุบุฑุจูู ุงููููุถ ูุนุฏู ุงูุณููุช ูุงุนุชุฏุงุกุงุช ุงููุณุชูุทููู ูุฎุตูุตุง ุนูู ุงูุดูุงุฑุน ุงูุฑุฆูุณูู... ุงุฏุนุณ ูุณุชูุทู... ุงูุดุฎู... ุงูุชูู.... ุจุงูุนูุณ ุงูุช ูุฎุฑ ูููุณุทูู ููุงุณูุงููุง ุงูุนุธูู
2025-07-12 14:28:14,ุฃููู ุณุฑ ุงููุฌูุฉ ุงูุชูููุฐูุฉ ูููุธูุฉ ุงูุชุญุฑูุฑ ุนุฒุงู ุงูุฃุญูุฏ: ูุฏุนู ุงูุฃูู ุงููุชุญุฏุฉ ููุฌูุณ ุงูุฃูู ุฅูู ุชุญููู ูุณุคูููุงุชููุง ุงููุงููููุฉ ูุงูุฃุฎูุงููุฉุ ูุงูุชุญุฑู ุงูููุฑู ูููู ุฅุฑูุงุจ ุงููุณุชูุทูููุ ูุฅุฌุจุงุฑ ุญูููุฉ ุงูุงุญุชูุงู ุนูู ุงูุงูุชุฒุงู ุจูุฑุงุฑุงุช ุงูุดุฑุนูุฉ ุงูุฏูููุฉ - ุตุฏู ูููุฒ ูุง ุชุดูุฏู ุงูุถูุฉ ุงูุบุฑุจูุฉ ูู ูุฌูุงุช ูุณุชูุฑุฉ ููุงุณุนุฉ ุงููุทุงู ุนูู ุงููุฑู ูุงูุจูุฏุงุช ูู ุฅุฑูุงุจ ุฏููุฉ ููุธู ูุง ูููู ุงููุจูู ุจู..
2025-07-12 14:27:16,"**""ุฅูุญููู ููุง ุชุฎุงูุด.."" ุดุงุจ ููุณุทููู ูุชุญุฏู ุงููุณุชูุทููู ุงููุณูุญูู ููุตุฑ ุนูู ููุงุตูุฉ ุทุฑููู ูู ุฃุญุฏ ุดูุงุฑุน ุงูุถูุฉ ุงูุบุฑุจูุฉ.**[...]("
2025-07-12 14:20:21,๐๐ค**ูุณุชูุทููู ูุฎุทูู ุดุนุงุฑุงุช ุงุณุชูุทุงููุฉ ููุฎุฑุจูู ููุชููุงุช ูุฏุฑุณุฉ ุจููุทูุฉ ุงููุนุฑุฌุงุช ุดูุงู ุฃุฑูุญุงุ ุนูุจ ุชูุฌูุฑ ุงูููุณุทููููู ูู ุงูููุทูุฉ.** โขโขโโโโโโโโโโโโขโข ๐ฉต
2025-07-12 14:10:26,๐๐ค**ูุณุชูุทููู ูุถุฑููู ุงููุงุฑ ูู ุฃุฑุงุถู ุงูููุณุทููููู ูููุงุฌููู ุฃุทุฑุงู ุจูุฏุฉ ุตูุฑูู ุดูุงู ุงูุฎููู.** โขโขโโโโโโโโโโโโขโข ๐ฉต
2025-07-12 14:05:27,ูุณุชุดููุงุช ุบุฒุฉ: 87 ุดููุฏุง ุฌุฑุงุก ุงููุตู ุงูุฅุณุฑุงุฆููู ุงูููู ุจูููู 34 ูู ููุชุธุฑู ุงููุณุงุนุฏุงุช
2025-07-12 14:01:00,**ูุณุชูุทููู ููุงุฌููู ุฃุทุฑุงู ุจูุฏุฉ ุตูุฑูู ุดูุงู ุงูุฎููู**
2025-07-12 13:59:15,๐๐ค**ุงูุทูุงูู ุงููุฎุชุตุฉ ุชูุงุตู ุฃุนูุงู ูุชุญ ุงูุทุฑูู ูุฅุตูุงุญ ุฎุท ุงูููุงู ุงููุงูู ุจูู ูุฌุฏู ุจูู ูุงุถู ูุนูุฑุจุง ุฌููุจ ูุงุจูุณ ****โซ๏ธ**** ุจุนุฏ ุชุนุฑุถู ูุฃุถุฑุงุฑ ุฌุฑุงุก ุงุนุชุฏุงุกุงุช ุงููุณุชูุทููู.** โขโขโโโโโโโโโโโโขโข ๐ฉต
2025-07-12 13:55:31,"**ูุนุงุฑูู ุนู ุฌูุฏู ูู ุฌูุด ุงูุงุญุชูุงู:** **ุญูููุฉ ูุชููุงูู ุชุฑุณููุง ุฅูู ุงููุชุงู ูุชุนูู ุนุดุฑุงุช ุขูุงู ูู ""ุงูุญุฑูุฏูู"" ูู ุงูุฎุฏูุฉ.** **ุญูููุฉ ูุชููุงูู ุนุงุฌุฒุฉ ูุถุนููุฉ ุฃูุงู ุงูุญุงุฎุงูุงุช ูุงูุณูุงุณููู ""ุงูุญุฑูุฏูู"".** **ุงูุงุณุชูุฒุงู ูู ุงููุชุงู ุจุบุฒุฉ ุณูุณุญููุง ุชุฏุฑูุฌูุง ุญุชู ูููุงุฑ.**"
2025-07-12 13:34:33,๐๐ค**ุงูุชุดุงุฑ ุงููุณุชูุทููู ูุฌููุฏ ุงูุงุญุชูุงู ุนูู ููุฉ ุฌุจู ุงูุณุงููุฉ ุงูููุฏุฏ ุจุงูุงุณุชูุทุงูุ ุฌููุจ ูุฑูุฉ ุฑุงุจุงุ ูุถุงุก ุฌููู ุจุงูุถูุฉ ุงูุบุฑุจูุฉ.** โขโขโโโโโโโโโโโโขโข ๐ฉต
2025-07-12 13:25:08,ุญุฏุดูุช ุจุฒูุงู: ุฃูุตูุจ ุฃุฑุจุนุฉ ุฌููุฏ ูู ุงูุฌูุด ูุชูุฌุฉ ุงููุฌุงุฑ ุนุจูุงุช ูุงุณูุฉ ููุฐุงุฆู RPG.
2025-07-12 13:25:08,[**ูููุงู ุนู ูุณุงุฆู ุงุนูุงู ูุญููุฉ ุณุฑุงูุง ุงููุฏุณ:**]( ุชููู ูุฌุงูุฏููุง ุตุจุงุญ ุงูููู ูู ุชุฏููุฑ ุขููุฉ ุนุณูุฑูุฉ ุตูููููุฉ ูู ููุน (ููุฑูุงูุงู) ุจุชูุฌูุฑ ุนุจูุฉ ูุถุงุฏุฉ ููุฏุฑูุน -ูุฒุฑูุนุฉ ูุณุจูุงู- ุฃุซูุงุก ุชูุบููุง ุดุฑู ุญู ุงูุชูุงุญ ูู ูุฏููุฉ ุบุฒุฉ. **#ุทููุงู_ุงูุฃูุตู
2025-07-12 13:23:12,ุงููุฌุงุฑ ุจุงููุฑุจ ูู ูุทุงุฑ ููุฑุงุจุงุฏ ูู ุทูุฑุงู
2025-07-12 13:21:55,"ืืงืืจืืช ืืืืืื ืืคืจืกืืื ืชืืขืื ืฉื ""ืืฆืืืช ืขืฆื ืืืชื ืืืืื"" ืืืืืจ ืืืคืจ ืืืจืืื ืฉืืจืืช ืชืืืื, ืืืจืืืช ืืฆืืจ. ืืคื ืืืืืื, ืืืืืช ืืืืืืื ืืชืืฉืื ืืืคืจ ืืืืืื ืืฆืื ืืืจ ืืขืฆื ืืืืฆืื. ูุตุงุฏุฑ ูู ูุจูุงู ุชูุดุฑ ุชูุซูููุง ูู""ุณููุท ุฌุณู ุบูุฑ ูุนุฑูู"" ูู ููุทูุฉ ูุฑูุฉ ูุชุฑููุฉ ูู ูุถุงุก ุชุจููู ุดุฑูู ูุฏููุฉ ุตูุฑ. ูููููุง ููุชูุงุฑูุฑุ ุชููู ููุงุช ุงูุฃูู ูุฃูุงูู ุงููุฑูุฉ ุจุนูููุฉ ุชูุดูุท ูุชุนููุจ ููุฌุณู ุงูุฐู ุชู ุฅุณูุงุทู."
2025-07-12 13:05:44,"ุฃููู ุณุฑ ุงููุฌูุฉ ุงููุฑูุฒูุฉ ูุญุฑูุฉ ูุชุญุ ุงููุฑูู ุฌุจุฑูู ุงูุฑุฌูุจ: ""ุฃูุตุญ ุญูุงุณ ุจุฅุนูุงู ุงุณุชุนุฏุงุฏูุง ูุชุณููู ุณูุงุญูุง ููุณูุทุฉ ุงูููุณุทูููุฉุ ูุญูุงุณ ูู ุชุฏุฎู ููุธูุฉ ุงูุชุญุฑูุฑ ูุจู ุงูุงุณุชุฌุงุจุฉ ููุดุฑูุท ุงููุทููุฉ""."
2025-07-12 13:04:54,โุฃ ู ุจ ุนู ูุตุฏุฑ ุฏุจูููุงุณู: ููุงุก ูุจุงุดุฑ ุณูุนูุฏ ุจูู ูุณุคูู ุณูุฑู ูุฅุณุฑุงุฆููู ูู ุฃุฐุฑุจูุฌุงู โ
2025-07-12 13:04:33,ุทุงุฆุฑุงุช ุงูุฅููุงุฐ ุชุฌูู ุงูุฌุฑุญู ูู ุบุฒุฉ
2025-07-12 13:02:33,**#ุงูุนูุฏ****: ุชุฌุฑุจุฉ ุฃูููุฉ..ุงูุฃุณุฑู ูู ููุงุจุฑ ุงูุฃุญูุงุก ****
2025-07-12 12:47:59,ุณู ุฅู ุฅู ุนู ุฑุฆูุณ ุงูุนูููุงุช ุงูุณุงุจู ุจุงูุฌูุด ุงูุฅุณุฑุงุฆููู: ุญูุงุณ ุญุธูุช ุจููุช ูุงู ูุฏุฑุงุณุฉ ุนูู ุงูุฌูุด ูุงุณุชุบูุช ุฐูู ูุตุงูุญูุง
2025-07-12 12:45:23,"**โ""ููุงูุน ุณูุฏุงุก"" ุฅุณุฑุงุฆูููุฉ ุจุบุฒุฉ ูุชุนุฐูุจ ุงููุนุชูููู ุงูููุณุทููููู ุฏูู ุฑูุงุจุฉ ูุถุงุฆูุฉ**** ****โ****๐น****ููุธูุงุช ุญููููุฉ ุชุคูุฏ ุฃู ุขูุงู ุงูููุณุทูููููุ ุจูููู ูุณุนููู ูุฃุทุจุงุกุ ูููููุง ุฅูู ููุงูุน ุงุญุชุฌุงุฒ ุณุฑูุฉ ูุตูุชูุง ุจุฃููุง ""ููุงูุน ุณูุฏุงุก"" ุญูุซ ูุง ููุฌุฏ ุฃู ุฑูุงุจุฉ ูุถุงุฆูุฉ ****๐ฅ**** ููุทุงุช ูุงุฏุฑุฉ ูู ุฃุญุฏ ูุฐู ุงูููุงูุน โ ุฏุงุฎู ููุนุจ ูุฑุฉ ูุฏู ูู ****#ุบุฒุฉ**** โ ุตููุฑูุง ุฌูุฏู ุฅุณุฑุงุฆูููุ ูููุดุฑุช ุนูู ุงูุฅูุชุฑูุช ูู ุฏูุณูุจุฑ 2023.** โขโโโโโโโโโโโโข โ๏ธ"
2025-07-12 12:40:41,**ุชุตุฑูุญ ููุจุฑู ุนูู ูุณุงู ุงูููุงุฏู ูู ุญูุงุณ ุฎุงูุฏ ูุดุนู ูุตู ูู ุงููุนูู ุฃููุฎุงู ูุฐุจุงุจ ุงูุนุงุฑ ุทุจ ุนูู ุงูุฃูู ุบูุฑูุง ูุจุฏููุง ูู ุงูุฅูููุฌู ูุง ุฃุจูุงุก ุงููุทู ุงููุฌุณุฉ ๐๐**
2025-07-12 12:31:03,๐๐ค**ุฌูุด ุงูุงุญุชูุงู ูุนุชูู ุงูุตุญูู ูุญูุฏ ุงูุฎุทูุจ ููุตุงุฏุฑ ูุนุฏุงุช ุชุตููุฑ ูู ููุทูุฉ ููุฑู ุงูุฌุงูุนุฉ ูู ุงูุฎููู. โขโขโโโโโโโโโโโโขโข ****๐ฉต******
2025-07-12 12:15:11,"**๐****๐ค****ุฅุตุงุจุฉ ุงูุฃุณูุฑ ุงููุญุฑุฑ ""ุตุงุฆุจ ูุฑุฏุงูู"" ุจูุณูุฑ ูุฌุฑูุญ ุจุนุฏ ุชุนุฑูุถู ูุงุนุชุฏุงุก ูู ุฌููุฏ ุงูุงุญุชูุงู ุนูู ุญุงุฌุฒ ุฏูุฑ ุดุฑู ุบุฑุจ ูุงุจูุณ ****โซ๏ธ**** ุฃุซูุงุก ูุฑูุฑู ูู ุงูููุทูุฉ ูุงุฏูุง ูู ุจูุฏุชู ุญุจูุฉ ุฌููุจ ููููููุฉ**. โขโขโโโโโโโโโโโโขโข ๐ฉต"
2025-07-12 11:56:05,๐ด**ููู ูู ุฃูุซุฑ ูุงุณ ุจุญุชุงุฌูู ููุฏุงู ุงูููุงููุ** **ุฑุงุจุท ุงูุญููุฉ ูุงููุฉ ูู ุจุฑูุงูุฌ ุจูุฏูุงุณุช ุซูุฑุฉ :** #ุทููุงู_ุงูุฃูุตู #ุนุงููุณุชูุทูุงุช
